,Image
0,https://imgix.ranker.com/user_node_img/113/2258001/original/tom-hanks-photo-u142?auto=format&q=60&fit=crop&fm=pjpg&dpr=2&crop=faces&h=150&w=150
7,https://imgix.ranker.com/node_img/494/9865656/original/hugh-jackman-recording-artists-and-groups-photo-1?auto=format&q=60&fit=crop&fm=pjpg&dpr=2&crop=faces&h=150&w=150
10, 
12, 
13, 
16, 
19, 
24, 
25, 
26,https://imgix.ranker.com/user_node_img/81/1615040/original/morgan-freeman-recording-artists-and-groups-photo-u41?auto=format&q=60&fit=crop&fm=pjpg&dpr=2&crop=faces&h=150&w=150
29, 
0, 
9, 
11, 
14,https://imgix.ranker.com/user_node_img/37/728614/original/chris-hemsworth-people-in-tv-photo-u10?auto=format&q=60&fit=crop&fm=pjpg&dpr=2&crop=faces&h=150&w=150
16,https://imgix.ranker.com/user_node_img/79/1572927/original/michael-b-jordan-photo-u22?auto=format&q=60&fit=crop&fm=pjpg&dpr=2&crop=faces&h=150&w=150
18,https://imgix.ranker.com/user_node_img/37/728339/original/728339-photo-u129?auto=format&q=60&fit=crop&fm=pjpg&dpr=2&crop=faces&h=150&w=150
20, 
24, 
0, 
3, 
5, 
12,https://imgix.ranker.com/node_img/89/1763619/original/patrick-stewart-recording-artists-and-groups-photo-1?auto=format&q=60&fit=crop&fm=pjpg&dpr=2&crop=faces&h=150&w=150
13, 
16, 
19, 
22, 
23, 
25,https://imgix.ranker.com/user_node_img/81/1615040/original/morgan-freeman-theater-actors-photo-u1?auto=format&q=60&fit=crop&fm=pjpg&dpr=2&crop=faces&h=150&w=150
28, 
29, 
30, 
34,https://imgix.ranker.com/user_node_img/75/1498360/original/maggie-smith-people-in-tv-photo-u2?auto=format&q=60&fit=crop&fm=pjpg&dpr=2&crop=faces&h=150&w=150
0, 
3,https://imgix.ranker.com/user_node_img/47/937551/original/emily-stone-recording-artists-and-groups-photo-u122?auto=format&q=60&fit=crop&fm=pjpg&dpr=2&crop=faces&h=150&w=150
4,https://imgix.ranker.com/user_node_img/83/1648992/original/natalie-portman-recording-artists-and-groups-photo-u272?auto=format&q=60&fit=crop&fm=pjpg&dpr=2&crop=faces&h=150&w=150
5,https://imgix.ranker.com/user_node_img/99/1977379/original/saoirse-ronan-photo-u36?auto=format&q=60&fit=crop&fm=pjpg&dpr=2&crop=faces&h=150&w=150
7, 
10, 
11, 
14,https://imgix.ranker.com/user_node_img/47/937348/original/emily-blunt-people-in-tv-photo-u61?auto=format&q=60&fit=crop&fm=pjpg&dpr=2&crop=faces&h=150&w=150
15, 
22,https://imgix.ranker.com/user_node_img/24/468745/original/468745-photo-u377?auto=format&q=60&fit=crop&fm=pjpg&dpr=2&crop=faces&h=150&w=150
23,https://imgix.ranker.com/user_node_img/1641/32800165/original/margot-robbie-photo-u114?auto=format&q=60&fit=crop&fm=pjpg&dpr=2&crop=faces&h=150&w=150
25,https://imgix.ranker.com/user_node_img/65/1281504/original/jennifer-lawrence-photo-u356?auto=format&q=60&fit=crop&fm=pjpg&dpr=2&crop=faces&h=150&w=150
26, 
0, 
1,https://imgix.ranker.com/user_node_img/63/1256031/original/jaden-smith-photo-u31?auto=format&q=60&fit=crop&fm=pjpg&dpr=2&crop=faces&h=150&w=150
2, 
3, 
0, 
5, 
11, 
18,https://imgix.ranker.com/user_node_img/72/1433037/original/1433037-photo-u1696572410?auto=format&q=60&fit=crop&fm=pjpg&dpr=2&crop=faces&h=150&w=150
27, 
32, 
36, 
40, 
45, 
48,https://imgix.ranker.com/user_node_img/41/809711/original/u1?auto=format&q=60&fit=crop&fm=pjpg&dpr=2&crop=faces&h=150&w=150
49, 
59, 
65, 
69, 
77, 
78,https://imgix.ranker.com/user_node_img/96/1918857/original/robert-de-niro-recording-artists-and-groups-photo-u5?auto=format&q=60&fit=crop&fm=pjpg&dpr=2&crop=faces&h=150&w=150
89,https://imgix.ranker.com/user_node_img/43/843540/original/denzel-washington-film-directors-photo-u2?auto=format&q=60&fit=crop&fm=pjpg&dpr=2&crop=faces&h=150&w=150
94,https://imgix.ranker.com/node_img/24/472711/original/anthony-hopkins-writers-photo-3?auto=format&q=60&fit=crop&fm=pjpg&dpr=2&crop=faces&h=150&w=150
95, 
96, 
102, 
105, 
109, 
111, 
112, 
118, 
0, 
3,https://imgix.ranker.com/user_node_img/494/9865656/original/hugh-jackman-recording-artists-and-groups-photo-u11?auto=format&q=60&fit=crop&fm=pjpg&dpr=2&crop=faces&h=150&w=150
6,https://imgix.ranker.com/user_node_img/29/565160/original/benedict-cumberbatch-people-in-tv-photo-u3?auto=format&q=60&fit=crop&fm=pjpg&dpr=2&crop=faces&h=150&w=150
9, 
12,https://imgix.ranker.com/user_node_img/96/1918951/original/robert-downey-jr-recording-artists-and-groups-photo-u12?auto=format&q=60&fit=crop&fm=pjpg&dpr=2&crop=faces&h=150&w=150
16,https://imgix.ranker.com/user_node_img/66/1300510/original/johnny-depp-recording-artists-and-groups-photo-u19?auto=format&q=60&fit=crop&fm=pjpg&dpr=2&crop=faces&h=150&w=150
19, 
20, 
23, 
25,https://imgix.ranker.com/user_node_img/99/1968615/original/samuel-l-jackson-recording-artists-and-groups-photo-u56?auto=format&q=60&fit=crop&fm=pjpg&dpr=2&crop=faces&h=150&w=150
28,https://imgix.ranker.com/user_node_img/61/1204564/original/ian-mckellen-recording-artists-and-groups-photo-u11?auto=format&q=60&fit=crop&fm=pjpg&dpr=2&crop=faces&h=150&w=150
31,https://imgix.ranker.com/user_node_img/73/1443510/original/liam-neeson-recording-artists-and-groups-photo-u4?auto=format&q=60&fit=crop&fm=pjpg&dpr=2&crop=faces&h=150&w=150
34, 
40, 
43, 
46,https://imgix.ranker.com/user_node_img/53/1046377/original/gary-oldman-recording-artists-and-groups-photo-u13?auto=format&q=60&fit=crop&fm=pjpg&dpr=2&crop=faces&h=150&w=150
51, 
54, 
56,https://imgix.ranker.com/node_img/37/727032/original/christopher-walken-writers-photo-2?auto=format&q=60&fit=crop&fm=pjpg&dpr=2&crop=faces&h=150&w=150
57,https://imgix.ranker.com/node_img/58/1144927/original/helena-bonham-carter-recording-artists-and-groups-photo-3?auto=format&q=60&fit=crop&fm=pjpg&dpr=2&crop=faces&h=150&w=150
58, 
59,https://imgix.ranker.com/user_node_img/99/1969675/original/sam-elliott-photo-u31?auto=format&q=60&fit=crop&fm=pjpg&dpr=2&crop=faces&h=150&w=150
60,https://imgix.ranker.com/user_node_img/8/142249/original/142249-photo-u68?auto=format&q=60&fit=crop&fm=pjpg&dpr=2&crop=faces&h=150&w=150
64, 
65, 
0, 
5, 
11, 
20, 
27, 
28, 
30, 
35, 
36, 
38, 
41, 
44, 
45, 
49, 
0, 
1, 
4, 
13, 
17, 
19, 
21, 
25, 
27, 
30, 
35, 
36,https://imgix.ranker.com/user_node_img/37/728614/original/chris-hemsworth-people-in-tv-photo-u10?auto=format&q=60&fit=crop&fm=pjpg&dpr=2&crop=faces&h=150&w=150
38, 
41,https://imgix.ranker.com/user_node_img/79/1572927/original/michael-b-jordan-photo-u22?auto=format&q=60&fit=crop&fm=pjpg&dpr=2&crop=faces&h=150&w=150
43,https://imgix.ranker.com/user_node_img/37/728339/original/728339-photo-u129?auto=format&q=60&fit=crop&fm=pjpg&dpr=2&crop=faces&h=150&w=150
45, 
49, 
0, 
3, 
12,https://imgix.ranker.com/node_img/89/1763619/original/patrick-stewart-recording-artists-and-groups-photo-1?auto=format&q=60&fit=crop&fm=pjpg&dpr=2&crop=faces&h=150&w=150
13, 
16, 
19, 
22, 
23, 
25,https://imgix.ranker.com/user_node_img/81/1615040/original/morgan-freeman-theater-actors-photo-u1?auto=format&q=60&fit=crop&fm=pjpg&dpr=2&crop=faces&h=150&w=150
28, 
29, 
30, 
34, 
0,https://imgix.ranker.com/user_node_img/37/723805/original/christian-bale-recording-artists-and-groups-photo-u21?auto=format&q=60&fit=crop&fm=pjpg&dpr=2&crop=faces&h=150&w=150
7,https://imgix.ranker.com/user_node_img/64/1272295/original/jason-statham-photo-u49?auto=format&q=60&fit=crop&fm=pjpg&dpr=2&crop=faces&h=150&w=150
8,https://imgix.ranker.com/user_node_img/113/2258013/original/tom-hardy-photo-u136?auto=format&q=60&fit=crop&fm=pjpg&dpr=2&crop=faces&h=150&w=150
11,https://imgix.ranker.com/node_img/494/9865656/original/hugh-jackman-recording-artists-and-groups-photo-1?auto=format&q=60&fit=crop&fm=pjpg&dpr=2&crop=faces&h=150&w=150
14,https://imgix.ranker.com/user_node_img/23/458938/original/andrew-garfield-theater-actors-photo-u34?auto=format&q=60&fit=crop&fm=pjpg&dpr=2&crop=faces&h=150&w=150
15,https://imgix.ranker.com/node_img/37/720834/original/chiwetel-ejiofor-recording-artists-and-groups-photo-1?auto=format&q=60&fit=crop&fm=pjpg&dpr=2&crop=faces&h=150&w=150
19,https://imgix.ranker.com/user_node_img/43/849721/original/dev-patel-photo-u7?auto=format&q=60&fit=crop&fm=pjpg&dpr=2&crop=faces&h=150&w=150
20,https://imgix.ranker.com/user_node_img/29/565160/original/565160-photo-u387732535?auto=format&q=60&fit=crop&fm=pjpg&dpr=2&crop=faces&h=150&w=150
22,https://imgix.ranker.com/user_node_img/38/755428/original/colin-firth-recording-artists-and-groups-photo-u15?auto=format&q=60&fit=crop&fm=pjpg&dpr=2&crop=faces&h=150&w=150
25,https://imgix.ranker.com/node_img/49/966331/original/ewan-mcgregor-writers-photo-1?auto=format&q=60&fit=crop&fm=pjpg&dpr=2&crop=faces&h=150&w=150
28,https://imgix.ranker.com/user_node_img/96/1915301/original/riz-ahmed-u11?auto=format&q=60&fit=crop&fm=pjpg&dpr=2&crop=faces&h=150&w=150
30,https://imgix.ranker.com/node_img/29/569216/original/ben-whishaw-people-in-tv-photo-1?auto=format&q=60&fit=crop&fm=pjpg&dpr=2&crop=faces&h=150&w=150
31,https://imgix.ranker.com/user_node_img/1586/31701144/original/domhnall-gleeson-photo-u12?auto=format&q=60&fit=crop&fm=pjpg&dpr=2&crop=faces&h=150&w=150
34,https://imgix.ranker.com/user_node_img/46/910483/original/eddie-redmayne-photo-u29?auto=format&q=60&fit=crop&fm=pjpg&dpr=2&crop=faces&h=150&w=150
36,https://imgix.ranker.com/user_node_img/99/1970445/original/sam-worthington-photo-u16?auto=format&q=60&fit=crop&fm=pjpg&dpr=2&crop=faces&h=150&w=150
37,https://imgix.ranker.com/user_node_img/41/810259/original/daniel-kaluuya-photo-u11?auto=format&q=60&fit=crop&fm=pjpg&dpr=2&crop=faces&h=150&w=150
38,https://imgix.ranker.com/user_node_img/64/1262870/original/james-mcavoy-photo-u27?auto=format&q=60&fit=crop&fm=pjpg&dpr=2&crop=faces&h=150&w=150
41,https://imgix.ranker.com/user_node_img/64/1265401/original/1265401-photo-u23?auto=format&q=60&fit=crop&fm=pjpg&dpr=2&crop=faces&h=150&w=150
42,https://imgix.ranker.com/user_node_img/20/387612/original/387612-photo-u-225694535?auto=format&q=60&fit=crop&fm=pjpg&dpr=2&crop=faces&h=150&w=150
43,https://imgix.ranker.com/user_node_img/54/1063597/original/1063597-photo-u-1246241748?auto=format&q=60&fit=crop&fm=pjpg&dpr=2&crop=faces&h=150&w=150
46,https://imgix.ranker.com/user_node_img/37/735683/original/cillian-murphy-photo-u19?auto=format&q=60&fit=crop&fm=pjpg&dpr=2&crop=faces&h=150&w=150
47,https://imgix.ranker.com/node_img/67/1330586/original/jude-law-people-in-tv-photo-2?auto=format&q=60&fit=crop&fm=pjpg&dpr=2&crop=faces&h=150&w=150
48,https://imgix.ranker.com/user_node_img/87/1731929/original/orlando-bloom-photo-u56?auto=format&q=60&fit=crop&fm=pjpg&dpr=2&crop=faces&h=150&w=150
52,https://imgix.ranker.com/user_node_img/65/1295036/original/joel-edgerton-theater-actors-photo-u2?auto=format&q=60&fit=crop&fm=pjpg&dpr=2&crop=faces&h=150&w=150
53,https://imgix.ranker.com/user_node_img/79/1573712/original/michael-fassbender-people-in-tv-photo-u71?auto=format&q=60&fit=crop&fm=pjpg&dpr=2&crop=faces&h=150&w=150
54,https://imgix.ranker.com/user_node_img/84/1674891/original/nicholas-hoult-photo-u18?auto=format&q=60&fit=crop&fm=pjpg&dpr=2&crop=faces&h=150&w=150
55,https://imgix.ranker.com/user_node_img/98/1950437/original/1950437-photo-u-104404481?auto=format&q=60&fit=crop&fm=pjpg&dpr=2&crop=faces&h=150&w=150
60,https://imgix.ranker.com/user_node_img/78/1542077/original/1542077-photo-u15?auto=format&q=60&fit=crop&fm=pjpg&dpr=2&crop=faces&h=150&w=150
62,https://imgix.ranker.com/user_node_img/567/11322318/original/will-poulter-photo-u6?auto=format&q=60&fit=crop&fm=pjpg&dpr=2&crop=faces&h=150&w=150
63,https://imgix.ranker.com/user_node_img/96/1903053/original/richard-armitage-photo-u14?auto=format&q=60&fit=crop&fm=pjpg&dpr=2&crop=faces&h=150&w=150
65,https://imgix.ranker.com/user_node_img/67/1323149/original/1323149-photo-u13?auto=format&q=60&fit=crop&fm=pjpg&dpr=2&crop=faces&h=150&w=150
66,https://imgix.ranker.com/user_node_img/73/1445753/original/liev-schreiber-recording-artists-and-groups-photo-u22?auto=format&q=60&fit=crop&fm=pjpg&dpr=2&crop=faces&h=150&w=150
67,https://imgix.ranker.com/node_img/38/747673/original/clive-owen-people-in-tv-photo-3?auto=format&q=60&fit=crop&fm=pjpg&dpr=2&crop=faces&h=150&w=150
0, 
2, 
6,https://imgix.ranker.com/node_img/31/618716/original/bradley-cooper-theater-actors-photo-3?auto=format&q=60&fit=crop&fm=pjpg&dpr=2&crop=faces&h=150&w=150
7,https://imgix.ranker.com/node_img/31/618716/original/bradley-cooper-theater-actors-photo-3?auto=format&q=60&fit=crop&fm=pjpg&dpr=2&crop=faces&h=150&w=150
10, 
17, 
26, 
31, 
36, 
37,https://imgix.ranker.com/user_node_img/494/9865656/original/hugh-jackman-recording-artists-and-groups-photo-u11?auto=format&q=60&fit=crop&fm=pjpg&dpr=2&crop=faces&h=150&w=150
40, 
47, 
51,https://imgix.ranker.com/user_node_img/96/1918951/original/robert-downey-jr-recording-artists-and-groups-photo-u10?auto=format&q=60&fit=crop&fm=pjpg&dpr=2&crop=faces&h=150&w=150
55, 
59, 
62, 
63, 
65, 
67, 
72, 
74, 
77, 
78, 
79, 
83, 
84,https://imgix.ranker.com/node_img/87/1734099/original/oscar-isaac-people-in-tv-photo-1?auto=format&q=60&fit=crop&fm=pjpg&dpr=2&crop=faces&h=150&w=150
86,https://imgix.ranker.com/user_node_img/89/1769632/original/paul-rudd-actors-photo-u2?auto=format&q=60&fit=crop&fm=pjpg&dpr=2&crop=faces&h=150&w=150
87, 
0, 
5, 
11, 
12, 
15, 
22,https://imgix.ranker.com/user_node_img/72/1433037/original/leonardo-dicaprio-photo-u278?auto=format&q=60&fit=crop&fm=pjpg&dpr=2&crop=faces&h=150&w=150
31, 
36, 
40,https://imgix.ranker.com/user_node_img/31/619307/original/619307-photo-u368?auto=format&q=60&fit=crop&fm=pjpg&dpr=2&crop=faces&h=150&w=150
45, 
48, 
55,https://imgix.ranker.com/user_node_img/494/9865656/original/hugh-jackman-photo-u100?auto=format&q=60&fit=crop&fm=pjpg&dpr=2&crop=faces&h=150&w=150
58, 
64, 
66, 
70, 
72, 
74, 
75, 
77,https://imgix.ranker.com/user_node_img/96/1918951/original/robert-downey-jr-photo-u154?auto=format&q=60&fit=crop&fm=pjpg&dpr=2&crop=faces&h=150&w=150
81, 
84, 
85, 
90, 
92, 
94, 
95, 
97, 
100, 
103, 
106,https://imgix.ranker.com/user_node_img/43/843540/original/denzel-washington-theater-actors-photo-u6?auto=format&q=60&fit=crop&fm=pjpg&dpr=2&crop=faces&h=150&w=150
111, 
112, 
113, 
117, 
120, 
122, 
124,https://imgix.ranker.com/user_node_img/81/1615040/original/morgan-freeman-recording-artists-and-groups-photo-u41?auto=format&q=60&fit=crop&fm=pjpg&dpr=2&crop=faces&h=150&w=150
127, 
131, 
132, 
134, 
136, 
140, 
141, 
0, 
1, 
5, 
6, 
7, 
9, 
10, 
11, 
12, 
13, 
15, 
16, 
17, 
18, 
19, 
20, 
21, 
22, 
23, 
24, 
26, 
27, 
29, 
30, 
31, 
32, 
33, 
35, 
36, 
37, 
38, 
39, 
40, 
41, 
42, 
43, 
45, 
46, 
47, 
48, 
50, 
51, 
52, 
53, 
54, 
55, 
56, 
57, 
58, 
59, 
60, 
61, 
62, 
63, 
64, 
65, 
67, 
69, 
70, 
71, 
73, 
75, 
77, 
78, 
80, 
81, 
82, 
83, 
84, 
85, 
87, 
88, 
89, 
90, 
91, 
93, 
95, 
96, 
97, 
98, 
99, 
101, 
102, 
105, 
106, 
107, 
108, 
110, 
111, 
113, 
114, 
115, 
116, 
117, 
118, 
119, 
122, 
123, 
124, 
127, 
130, 
131, 
134, 
135, 
136, 
137, 
138, 
141, 
143, 
145, 
146, 
149, 
150, 
151, 
152, 
154, 
155, 
158, 
159, 
160, 
161, 
164, 
165, 
166, 
167, 
170, 
171, 
172, 
173, 
174, 
175, 
176, 
177, 
178, 
179, 
180, 
181, 
183, 
185, 
187, 
188, 
189, 
190, 
192, 
193, 
194, 
195, 
197, 
198, 
199, 
200, 
201, 
202, 
204, 
205, 
206, 
208, 
211, 
215, 
216, 
217, 
219, 
220, 
221, 
222, 
224, 
226, 
229, 
231, 
232, 
235, 
236, 
237, 
238, 
240, 
241, 
242, 
243, 
244, 
246, 
248, 
249, 
252, 
255, 
256, 
257, 
258, 
259, 
261, 
262, 
263, 
266, 
267, 
268, 
270, 
271, 
272, 
273, 
274, 
275, 
277, 
278, 
281, 
282, 
283, 
286, 
287, 
289, 
292, 
293, 
295, 
296, 
297, 
301, 
302, 
304, 
305, 
307, 
310, 
311, 
313, 
314, 
317, 
318, 
319, 
320, 
321, 
323, 
325, 
327, 
328, 
330, 
331, 
332, 
333, 
334, 
335, 
336, 
337, 
338, 
339, 
340, 
341, 
343, 
344, 
345, 
348, 
349, 
350, 
351, 
352, 
353, 
356, 
362, 
363, 
369, 
371, 
372, 
373, 
374, 
375, 
377, 
378, 
379, 
380, 
381, 
384, 
385, 
387, 
388, 
389, 
390, 
391, 
392, 
394, 
395, 
396, 
397, 
402, 
403, 
404, 
405, 
406, 
407, 
408, 
409, 
410, 
413, 
416, 
417, 
418, 
421, 
424, 
426, 
428, 
429, 
430, 
433, 
434, 
435, 
438, 
439, 
441, 
442, 
444, 
445, 
447, 
450, 
453, 
455, 
456, 
457, 
460, 
463, 
464, 
465, 
466, 
467, 
472, 
474, 
476, 
479, 
481, 
482, 
484, 
0, 
1, 
5, 
6, 
7, 
9, 
10, 
11, 
12, 
13, 
15, 
16, 
17, 
18, 
19, 
20, 
21, 
22, 
23, 
24, 
26, 
27, 
29, 
30, 
31, 
32, 
33, 
35, 
36, 
37, 
38, 
39, 
40, 
41, 
42, 
43, 
45, 
46, 
47, 
48, 
50, 
51, 
52, 
53, 
54, 
55, 
56, 
57, 
58, 
59, 
60, 
61, 
62, 
63, 
64, 
65, 
67, 
69, 
70, 
71, 
73, 
75, 
77, 
78, 
80, 
81, 
82, 
83, 
84, 
85, 
87, 
88, 
89, 
90, 
91, 
93, 
95, 
96, 
97, 
98, 
99, 
101, 
102, 
105, 
106, 
107, 
108, 
110, 
111, 
113, 
114, 
115, 
116, 
117, 
118, 
119, 
122, 
123, 
124, 
127, 
130, 
131, 
134, 
135, 
136, 
137, 
138, 
141, 
143, 
145, 
146, 
149, 
150, 
151, 
152, 
154, 
155, 
158, 
159, 
160, 
161, 
164, 
165, 
166, 
167, 
170, 
171, 
172, 
173, 
174, 
175, 
176, 
177, 
178, 
179, 
180, 
181, 
183, 
185, 
187, 
188, 
189, 
190, 
192, 
193, 
194, 
195, 
197, 
198, 
199, 
200, 
201, 
202, 
204, 
205, 
206, 
208, 
211, 
215, 
216, 
217, 
219, 
220, 
221, 
222, 
224, 
226, 
229, 
231, 
232, 
235, 
236, 
237, 
238, 
240, 
241, 
242, 
243, 
244, 
246, 
248, 
249, 
252, 
255, 
256, 
257, 
258, 
259, 
261, 
262, 
263, 
266, 
267, 
268, 
270, 
271, 
272, 
273, 
274, 
275, 
277, 
278, 
281, 
282, 
283, 
286, 
287, 
289, 
292, 
293, 
295, 
296, 
297, 
301, 
302, 
304, 
305, 
307, 
310, 
311, 
313, 
314, 
317, 
318, 
319, 
320, 
321, 
323, 
325, 
327, 
328, 
330, 
331, 
332, 
333, 
334, 
335, 
336, 
337, 
338, 
339, 
340, 
341, 
343, 
344, 
345, 
348, 
349, 
350, 
351, 
352, 
353, 
356, 
362, 
363, 
369, 
371, 
372, 
373, 
374, 
375, 
377, 
378, 
379, 
380, 
381, 
384, 
385, 
387, 
388, 
389, 
390, 
391, 
392, 
394, 
395, 
396, 
397, 
402, 
403, 
404, 
405, 
406, 
407, 
408, 
409, 
410, 
413, 
416, 
417, 
418, 
421, 
424, 
426, 
428, 
429, 
430, 
433, 
434, 
435, 
438, 
439, 
441, 
442, 
444, 
445, 
447, 
450, 
453, 
455, 
456, 
457, 
460, 
463, 
464, 
465, 
466, 
467, 
472, 
474, 
476, 
479, 
481, 
482, 
484, 
1, 
5, 
6, 
7, 
9, 
10, 
12, 
13, 
16, 
18, 
19, 
20, 
21, 
23, 
24, 
26, 
27, 
30, 
31, 
32, 
33, 
34, 
35, 
36, 
37, 
38, 
39, 
40, 
41, 
42, 
43, 
45, 
46, 
47, 
48, 
49, 
50, 
51, 
53, 
54, 
55, 
56, 
57, 
58, 
59, 
61, 
62, 
64, 
67, 
69, 
70, 
71, 
73, 
75, 
78, 
79, 
81, 
82, 
83, 
84, 
85, 
86, 
87, 
88, 
90, 
91, 
92, 
93, 
95, 
96, 
98, 
99, 
100, 
101, 
102, 
103, 
105, 
106, 
107, 
108, 
111, 
113, 
114, 
115, 
116, 
117, 
118, 
120, 
121, 
122, 
123, 
124, 
128, 
131, 
132, 
134, 
140, 
141, 
145, 
146, 
147, 
150, 
152, 
155, 
157, 
158, 
160, 
162, 
163, 
164, 
167, 
168, 
171, 
173, 
176, 
178, 
179, 
180, 
181, 
183, 
185, 
187, 
188, 
191, 
192, 
193, 
195, 
196, 
199, 
200, 
201, 
203, 
204, 
206, 
209, 
210, 
211, 
214, 
215, 
216, 
217, 
219, 
220, 
221, 
222, 
223, 
225, 
226, 
227, 
228, 
229, 
230, 
231, 
232, 
233, 
234, 
235, 
237, 
238, 
241, 
242, 
243, 
244, 
245, 
247, 
248, 
249, 
251, 
252, 
253, 
254, 
255, 
256, 
257, 
259, 
261, 
262, 
263, 
266, 
267, 
268, 
269, 
270, 
273, 
274, 
275, 
276, 
278, 
279, 
280, 
282, 
283, 
286, 
287, 
288, 
289, 
291, 
292, 
293, 
295, 
297, 
298, 
299, 
300, 
301, 
304, 
305, 
306, 
307, 
311, 
314, 
315, 
317, 
318, 
319, 
320, 
321, 
322, 
323, 
326, 
328, 
329, 
330, 
332, 
333, 
335, 
340, 
341, 
343, 
344, 
345, 
348, 
349, 
352, 
353, 
354, 
356, 
357, 
359, 
363, 
365, 
366, 
367, 
368, 
369, 
370, 
371, 
372, 
373, 
377, 
378, 
379, 
381, 
389, 
392, 
394, 
396, 
398, 
401, 
402, 
405, 
407, 
410, 
412, 
413, 
414, 
415, 
416, 
417, 
418, 
420, 
421, 
424, 
425, 
427, 
431, 
434, 
435, 
437, 
438, 
439, 
440, 
441, 
443, 
445, 
447, 
448, 
451, 
452, 
455, 
461, 
462, 
464, 
465, 
466, 
467, 
474, 
475, 
477, 
478, 
482, 
0, 
2, 
5, 
6, 
8, 
9, 
11, 
12, 
13, 
16, 
17, 
18, 
19, 
20, 
21, 
22, 
23, 
28, 
29, 
31, 
32, 
33, 
34, 
35, 
36, 
37, 
38, 
39, 
40, 
41, 
42, 
43, 
44, 
45, 
46, 
47, 
48, 
49, 
50, 
51, 
52, 
54, 
55, 
56, 
57, 
58, 
59, 
60, 
61, 
62, 
63, 
64, 
65, 
67, 
68, 
69, 
70, 
71, 
72, 
73, 
74, 
75, 
77, 
78, 
79, 
82, 
83, 
84, 
86, 
87, 
88, 
89, 
90, 
91, 
92, 
93, 
95, 
96, 
97, 
98, 
99, 
100, 
101, 
102, 
103, 
104, 
105, 
106, 
107, 
109, 
110, 
111, 
112, 
113, 
114, 
115, 
116, 
118, 
123, 
124, 
125, 
126, 
127, 
128, 
129, 
131, 
132, 
134, 
135, 
136, 
137, 
139, 
140, 
141, 
142, 
143, 
144, 
145, 
146, 
147, 
149, 
150, 
151, 
153, 
155, 
156, 
157, 
158, 
159, 
160, 
161, 
162, 
163, 
164, 
165, 
166, 
167, 
168, 
169, 
171, 
173, 
175, 
176, 
178, 
179, 
180, 
182, 
183, 
184, 
185, 
186, 
187, 
191, 
192, 
193, 
195, 
196, 
198, 
199, 
200, 
201, 
202, 
204, 
205, 
206, 
208, 
210, 
211, 
212, 
214, 
215, 
217, 
218, 
219, 
220, 
221, 
222, 
223, 
224, 
226, 
229, 
230, 
231, 
232, 
234, 
235, 
236, 
237, 
238, 
239, 
241, 
243, 
244, 
245, 
246, 
248, 
249, 
250, 
251, 
252, 
253, 
254, 
255, 
256, 
257, 
258, 
261, 
262, 
263, 
265, 
266, 
267, 
268, 
269, 
270, 
272, 
273, 
275, 
276, 
277, 
278, 
279, 
282, 
283, 
284, 
285, 
286, 
287, 
288, 
289, 
290, 
291, 
292, 
293, 
294, 
296, 
297, 
298, 
300, 
301, 
304, 
306, 
309, 
310, 
311, 
313, 
314, 
317, 
319, 
320, 
321, 
323, 
324, 
325, 
326, 
327, 
328, 
329, 
330, 
331, 
332, 
333, 
334, 
335, 
337, 
338, 
340, 
341, 
343, 
344, 
345, 
347, 
348, 
349, 
351, 
353, 
355, 
356, 
357, 
358, 
359, 
360, 
363, 
367, 
368, 
369, 
370, 
371, 
372, 
375, 
379, 
380, 
381, 
382, 
383, 
384, 
385, 
387, 
388, 
389, 
392, 
393, 
394, 
395, 
396, 
399, 
400, 
401, 
402, 
403, 
404, 
405, 
406, 
408, 
409, 
410, 
412, 
415, 
416, 
417, 
418, 
419, 
420, 
422, 
423, 
426, 
427, 
429, 
430, 
431, 
432, 
433, 
437, 
438, 
441, 
442, 
443, 
444, 
445, 
447, 
448, 
450, 
451, 
452, 
453, 
455, 
456, 
457, 
458, 
460, 
461, 
462, 
464, 
466, 
467, 
469, 
471, 
472, 
474, 
475, 
476, 
477, 
478, 
479, 
480, 
482, 
483, 
484, 
3, 
5, 
6, 
7, 
8, 
9, 
10, 
11, 
12, 
13, 
16, 
17, 
18, 
19, 
20, 
22, 
23, 
26, 
29, 
30, 
31, 
32, 
33, 
34, 
36, 
37, 
38, 
39, 
41, 
42, 
43, 
44, 
45, 
46, 
47, 
48, 
49, 
50, 
51, 
52, 
53, 
55, 
56, 
57, 
58, 
59, 
60, 
62, 
63, 
64, 
65, 
66, 
67, 
69, 
70, 
72, 
73, 
75, 
77, 
78, 
79, 
82, 
83, 
84, 
85, 
86, 
87, 
88, 
89, 
90, 
91, 
92, 
93, 
94, 
95, 
98, 
99, 
100, 
101, 
103, 
104, 
105, 
108, 
109, 
110, 
111, 
112, 
113, 
114, 
115, 
116, 
117, 
122, 
123, 
124, 
125, 
126, 
129, 
130, 
131, 
133, 
134, 
136, 
137, 
141, 
142, 
143, 
144, 
147, 
149, 
150, 
151, 
155, 
158, 
159, 
160, 
161, 
162, 
163, 
164, 
165, 
166, 
168, 
170, 
172, 
173, 
174, 
175, 
176, 
177, 
178, 
179, 
180, 
181, 
183, 
184, 
185, 
187, 
188, 
190, 
191, 
192, 
193, 
194, 
195, 
196, 
197, 
198, 
199, 
200, 
201, 
202, 
203, 
204, 
205, 
206, 
212, 
214, 
215, 
217, 
218, 
219, 
220, 
221, 
222, 
223, 
224, 
225, 
226, 
228, 
229, 
230, 
231, 
233, 
234, 
235, 
237, 
238, 
239, 
240, 
242, 
243, 
244, 
246, 
249, 
250, 
251, 
252, 
253, 
255, 
256, 
257, 
258, 
260, 
261, 
262, 
265, 
266, 
267, 
269, 
270, 
271, 
272, 
273, 
274, 
275, 
276, 
277, 
280, 
283, 
284, 
286, 
287, 
288, 
289, 
290, 
292, 
294, 
296, 
297, 
298, 
300, 
302, 
304, 
305, 
306, 
307, 
309, 
310, 
311, 
313, 
314, 
316, 
317, 
319, 
320, 
321, 
322, 
323, 
324, 
325, 
326, 
327, 
328, 
329, 
330, 
331, 
332, 
335, 
336, 
337, 
338, 
340, 
341, 
342, 
343, 
344, 
345, 
348, 
349, 
351, 
352, 
353, 
354, 
356, 
359, 
361, 
362, 
365, 
367, 
368, 
369, 
370, 
371, 
372, 
373, 
374, 
378, 
380, 
381, 
382, 
384, 
385, 
386, 
387, 
388, 
389, 
390, 
391, 
392, 
393, 
394, 
395, 
396, 
397, 
400, 
401, 
402, 
403, 
405, 
406, 
407, 
408, 
409, 
410, 
412, 
413, 
414, 
416, 
417, 
418, 
419, 
420, 
423, 
424, 
426, 
427, 
428, 
429, 
430, 
431, 
432, 
433, 
435, 
436, 
437, 
440, 
441, 
443, 
444, 
445, 
446, 
447, 
448, 
449, 
450, 
452, 
454, 
456, 
457, 
458, 
462, 
463, 
464, 
466, 
467, 
468, 
469, 
470, 
471, 
473, 
474, 
475, 
476, 
477, 
478, 
479, 
480, 
481, 
482, 
483, 
484, 
